{
   "vehicles": {
      "mappings": {
         "vehicle": {
            "properties": {
               "address": {
                  "type": "string",
                  "index": "not_analyzed"
               },
               "body": {
                  "type": "long"
               },
               "certified": {
                  "type": "long"
               },
               "city": {
                  "type": "string",
                  "index": "not_analyzed"
               },
               "cylinders": {
                  "type": "long"
               },
               "dealer": {
                  "type": "long"
               },
               "doors": {
                  "type": "long"
               },
               "drive": {
                  "type": "long"
               },
               "exterior": {
                  "type": "long"
               },
               "feature": {
                  "type": "long"
               },
               "fuel": {
                  "type": "long"
               },
               "interior": {
                  "type": "long"
               },
               "make": {
                  "type": "long"
               },
               "miles": {
                  "type": "long"
               },
               "model": {
                  "type": "long"
               },
               "paid": {
                  "type": "long"
               },
               "photo": {
                  "type": "string",
                  "index": "not_analyzed"
               },
               "pin": {
                  "properties": {
                     "location": {
                        "type": "geo_point"
                     }
                  }
               },
               "price": {
                  "type": "double"
               },
               "state": {
                  "type": "string",
                  "index": "not_analyzed"
               },
               "status": {
                  "type": "long"
               },
               "transmission": {
                  "type": "long"
               },
               "url": {
                  "type": "string",
                  "index": "not_analyzed"
               },
               "vin": {
                  "type": "string",
                  "index": "not_analyzed"
               },
               "year": {
                  "type": "long"
               },
               "zip": {
                  "type": "long"
               }
            }
         }
      }
   }
}