{
    "size": 0,
    "query": {
        "constant_score": {
            "filter": {
                "and": [
                    {
                        "geo_distance": {
                            "pin.location": {
                                "lat": 37.669998168945,
                                "lon": -122.08000183105
                            },
                            "distance": "80.4672km"
                        }
                    },
                    {
                        "or": [
                            {
                                "term": {
                                    "make": "9"
                                }
                            }
                        ]
                    },
                    {
                        "or": [
                            {
                                "term": {
                                    "model": "12"
                                }
                            }
                        ]
                    }
                ]
            }
        }
    },
    "aggs": {
        "price": {
            "range": {
                "field": "price",
                "keyed": true,
                "ranges": [
                    {
                        "key": "1",
                        "to": "5001"
                    },
                    {
                        "key": "2",
                        "from": "5001",
                        "to": "10001"
                    },
                    {
                        "key": "3",
                        "from": "10001",
                        "to": "15001"
                    },
                    {
                        "key": "4",
                        "from": "15001",
                        "to": "20001"
                    },
                    {
                        "key": "5",
                        "from": "20001",
                        "to": "30001"
                    },
                    {
                        "key": "6",
                        "from": "30001",
                        "to": "40001"
                    },
                    {
                        "key": "7",
                        "from": "40001",
                        "to": "5000"
                    },
                    {
                        "key": "8",
                        "from": "30001"
                    }
                ]
            }
        }
    }
}